{
  "n_samples": 240,
  "r2": 0.9194763477531064,
  "mae": 0.7959380095864946,
  "coef": {
    "message_count": 0.5814427141214957,
    "avg_char_len": 0.003588888194961089,
    "avg_word_count": -0.01612573729629396,
    "neg_share": -13.62305370314275,
    "pos_share": 3.902527160980478
  },
  "intercept": -2.4266247701784023
}